{
  "data_points": [
    {
      "nodes": 1000000,
      "standalone_exec_ms": 2900.0,
      "burst_span_ms": 6740.0,
      "burst_total_ms": 15610.0,
      "standalone_total_ms": null,
      "speedup": 0.43026706231454004
    },
    {
      "nodes": 10000000,
      "standalone_exec_ms": 35180.0,
      "burst_span_ms": 5410.0,
      "burst_total_ms": 14910.0,
      "standalone_total_ms": null,
      "speedup": 6.502772643253235
    }
  ],
  "crossover_estimate_nodes": 2028265.397203213,
  "crossover_estimate_millions": 2.028265397203213
}