{
  "timestamp": "2026-03-24T13:55:58.550731",
  "test_points": [
    5000000,
    8000000,
    10000000,
    12000000,
    15000000
  ],
  "runs_per_point": 5,
  "results": [
    {
      "nodes": 5000000,
      "standalone_ms": 1826.6,
      "standalone_std_ms": 66.15,
      "standalone_runs_ms": [
        1770,
        1780,
        1877,
        1789,
        1917
      ],
      "burst_ms": 6313.8,
      "burst_std_ms": 604.78,
      "burst_runs_ms": [
        6916.0,
        7028.0,
        5794.0,
        5878.0,
        5953.0
      ],
      "speedup": 0.2893,
      "standalone_total_ms": 1826.6,
      "burst_total_ms": 6313.8,
      "speedup_total": 0.2893,
      "winner": "Standalone",
      "validation": {
        "passed": true,
        "performed": true,
        "requested": true,
        "skipped_reason": null
      }
    },
    {
      "nodes": 8000000,
      "standalone_ms": 3109.6,
      "standalone_std_ms": 114.14,
      "standalone_runs_ms": [
        3036,
        3195,
        3080,
        3257,
        2980
      ],
      "burst_ms": 7862.8,
      "burst_std_ms": 775.2,
      "burst_runs_ms": [
        8005.000000000001,
        9058.0,
        7049.0,
        7880.0,
        7322.0
      ],
      "speedup": 0.3955,
      "standalone_total_ms": 3109.6,
      "burst_total_ms": 7862.8,
      "speedup_total": 0.3955,
      "winner": "Standalone",
      "validation": {
        "passed": true,
        "performed": true,
        "requested": true,
        "skipped_reason": null
      }
    },
    {
      "nodes": 10000000,
      "standalone_ms": 3942.6,
      "standalone_std_ms": 184.35,
      "standalone_runs_ms": [
        4107,
        4090,
        4011,
        3681,
        3824
      ],
      "burst_ms": 9427.8,
      "burst_std_ms": 796.28,
      "burst_runs_ms": [
        10402.0,
        9609.0,
        8189.999999999999,
        9566.0,
        9372.0
      ],
      "speedup": 0.4182,
      "standalone_total_ms": 3942.6,
      "burst_total_ms": 9427.8,
      "speedup_total": 0.4182,
      "winner": "Standalone",
      "validation": {
        "passed": true,
        "performed": true,
        "requested": true,
        "skipped_reason": null
      }
    },
    {
      "nodes": 12000000,
      "standalone_ms": 4943.4,
      "standalone_std_ms": 146.54,
      "standalone_runs_ms": [
        4958,
        4860,
        4822,
        5190,
        4887
      ],
      "burst_ms": 10785.0,
      "burst_std_ms": 163.27,
      "burst_runs_ms": [
        10786.0,
        10975.0,
        10557.0,
        10898.0,
        10709.0
      ],
      "speedup": 0.4584,
      "standalone_total_ms": 4943.4,
      "burst_total_ms": 10785.0,
      "speedup_total": 0.4584,
      "winner": "Standalone",
      "validation": {
        "passed": true,
        "performed": true,
        "requested": true,
        "skipped_reason": null
      }
    },
    {
      "nodes": 15000000,
      "standalone_ms": 6494.8,
      "standalone_std_ms": 204.01,
      "standalone_runs_ms": [
        6526,
        6286,
        6284,
        6721,
        6657
      ],
      "burst_ms": 13364.6,
      "burst_std_ms": 657.29,
      "burst_runs_ms": [
        13325.0,
        13478.0,
        13190.0,
        14331.0,
        12499.0
      ],
      "speedup": 0.486,
      "standalone_total_ms": 6494.8,
      "burst_total_ms": 13364.6,
      "speedup_total": 0.486,
      "winner": "Standalone",
      "validation": {
        "passed": true,
        "performed": true,
        "requested": true,
        "skipped_reason": null
      }
    }
  ],
  "crossover_estimate": null,
  "crossing_intervals": [],
  "crossover_warning": null,
  "configuration": {
    "partitions": 4,
    "memory_mb": 2048,
    "edges_per_node": 5,
    "components": 10
  }
}